{
    "SpriteAtlas":
    {
        "Width": 10,
        "Height": 10,
        "Summoners":
        {
            "SummonerBarrier":
            {
                "X": 0,
                "Y": 0
            },
            "SummonerBoost":
            {
                "X": 10,
                "Y": 0
            },
            "SummonerClairvoyance":
            {
                "X": 20,
                "Y": 0
            },
            "SummonerDot":
            {
                "X": 30,
                "Y": 0
            },
            "SummonerExhaust":
            {
                "X": 40,
                "Y": 0
            },
            "SummonerFlash":
            {
                "X": 50,
                "Y": 0
            },
            "SummonerHaste":
            {
                "X": 60,
                "Y": 0
            },
            "SummonerHeal":
            {
                "X": 70,
                "Y": 0
            },
            "SummonerMana":
            {
                "X": 80,
                "Y": 0
            },
            "SummonerOdinGarrison":
            {
                "X": 90,
                "Y": 0
            },
            "SummonerPoroRecall":
            {
                "X": 0,
                "Y": 10
            },
            "SummonerPoroThrow":
            {
                "X": 10,
                "Y": 10
            },
            "SummonerSmite":
            {
                "X": 20,
                "Y": 10
            },
            "SummonerSmiteAOE":
            {
                "X": 80,
                "Y": 10
            },
            "SummonerSmiteDuel":
            {
                "X": 60,
                "Y": 10
            },
            "SummonerSmitePlayerGanker":
            {
                "X": 50,
                "Y": 10
            },
            "SummonerSmiteQuick":
            {
                "X": 70,
                "Y": 10
            },
            "SummonerTeleport":
            {
                "X": 30,
                "Y": 10
            },
            "SummonerSnowball":
            {
                "AlternativeNames":
                [
                    "SnowballFollowUpCast"
                ],
                "X": 40,
                "Y": 10
            },
            "SummonerSnowballFollowUpCast":
            {
                "X": 40,
                "Y": 10
            }
        },
        "Cooldowns":
        {
            "Overlay":
            {
                "X": 70,
                "Y": 30
            },
            "Circle":
            {
                "X": 80,
                "Y": 30
            },
            "Border":
            {
                "X": 90,
                "Y": 30
            }
        }
    }
}